beta,bin_left,bin_right,count,fraction
0.01,0.9900034548211061,0.9905020300564575,4999,0.29671177587844255
0.01,0.9905020300564575,0.991000605291809,549,0.03258547008547009
0.01,0.991000605291809,0.9914991805271605,470,0.027896486229819564
0.01,0.9914991805271605,0.9919977557625119,676,0.040123456790123455
0.01,0.9919977557625119,0.9924963309978634,546,0.032407407407407406
0.01,0.9924963309978634,0.9929949062332148,158,0.009377967711301045
0.01,0.9929949062332148,0.9934934814685663,262,0.015550807217473884
0.01,0.9934934814685663,0.9939920567039178,318,0.018874643874643875
0.01,0.9939920567039178,0.9944906319392692,318,0.018874643874643875
0.01,0.9944906319392692,0.9949892071746207,7,0.0004154795821462488
0.01,0.9949892071746207,0.9954877824099723,1,5.935422602089269e-05
0.01,0.9954877824099723,0.9959863576453237,10,0.0005935422602089269
0.01,0.9959863576453237,0.9964849328806752,4,0.00023741690408357076
0.01,0.9964849328806752,0.9969835081160267,17,0.0010090218423551758
0.01,0.9969835081160267,0.9974820833513781,29,0.001721272554605888
0.01,0.9974820833513781,0.9979806585867296,31,0.0018399810066476734
0.01,0.9979806585867296,0.998479233822081,29,0.001721272554605888
0.01,0.998479233822081,0.9989778090574325,0,0.0
0.01,0.9989778090574325,0.999476384292784,0,0.0
0.01,0.999476384292784,0.9999749595281354,0,0.0
0.01,0.9999749595281354,1.000473534763487,0,0.0
0.01,1.000473534763487,1.0009721099988385,0,0.0
0.01,1.0009721099988385,1.00147068523419,0,0.0
0.01,1.00147068523419,1.0019692604695414,30,0.0017806267806267807
0.01,1.0019692604695414,1.0024678357048928,33,0.001958689458689459
0.01,1.0024678357048928,1.0029664109402443,21,0.0012464387464387464
0.01,1.0029664109402443,1.0034649861755958,14,0.0008309591642924976
0.01,1.0034649861755958,1.0039635614109472,17,0.0010090218423551758
0.01,1.0039635614109472,1.0044621366462987,4,0.00023741690408357076
0.01,1.0044621366462987,1.0049607118816501,9,0.0005341880341880342
0.01,1.0049607118816501,1.0054592871170016,4,0.00023741690408357076
0.01,1.0054592871170016,1.005957862352353,156,0.009259259259259259
0.01,1.005957862352353,1.0064564375877045,429,0.02546296296296296
0.01,1.0064564375877045,1.006955012823056,223,0.01323599240265907
0.01,1.006955012823056,1.0074535880584075,251,0.014897910731244064
0.01,1.0074535880584075,1.007952163293759,447,0.026531339031339033
0.01,1.007952163293759,1.0084507385291104,668,0.039648622981956316
0.01,1.0084507385291104,1.0089493137644618,471,0.027955840455840455
0.01,1.0089493137644618,1.0094478889998133,431,0.02558167141500475
0.01,1.0094478889998133,1.0099464642351648,5216,0.30959164292497626
0.02,0.9800069096422122,0.9810040601129151,4999,0.29671177587844255
0.02,0.9810040601129151,0.982001210583618,549,0.03258547008547009
0.02,0.982001210583618,0.9829983610543209,470,0.027896486229819564
0.02,0.9829983610543209,0.9839955115250238,676,0.040123456790123455
0.02,0.9839955115250238,0.9849926619957268,546,0.032407407407407406
0.02,0.9849926619957268,0.9859898124664297,158,0.009377967711301045
0.02,0.9859898124664297,0.9869869629371326,262,0.015550807217473884
0.02,0.9869869629371326,0.9879841134078355,318,0.018874643874643875
0.02,0.9879841134078355,0.9889812638785385,318,0.018874643874643875
0.02,0.9889812638785385,0.9899784143492414,7,0.0004154795821462488
0.02,0.9899784143492414,0.9909755648199444,1,5.935422602089269e-05
0.02,0.9909755648199444,0.9919727152906473,10,0.0005935422602089269
0.02,0.9919727152906473,0.9929698657613503,4,0.00023741690408357076
0.02,0.9929698657613503,0.9939670162320532,17,0.0010090218423551758
0.02,0.9939670162320532,0.9949641667027561,29,0.001721272554605888
0.02,0.9949641667027561,0.995961317173459,31,0.0018399810066476734
0.02,0.995961317173459,0.996958467644162,29,0.001721272554605888
0.02,0.996958467644162,0.9979556181148649,0,0.0
0.02,0.9979556181148649,0.9989527685855678,0,0.0
0.02,0.9989527685855678,0.9999499190562707,0,0.0
0.02,0.9999499190562707,1.0009470695269738,0,0.0
0.02,1.0009470695269738,1.0019442199976767,0,0.0
0.02,1.0019442199976767,1.0029413704683796,0,0.0
0.02,1.0029413704683796,1.0039385209390825,30,0.0017806267806267807
0.02,1.0039385209390825,1.0049356714097855,33,0.001958689458689459
0.02,1.0049356714097855,1.0059328218804884,21,0.0012464387464387464
0.02,1.0059328218804884,1.0069299723511913,14,0.0008309591642924976
0.02,1.0069299723511913,1.0079271228218942,17,0.0010090218423551758
0.02,1.0079271228218942,1.0089242732925972,4,0.00023741690408357076
0.02,1.0089242732925972,1.0099214237633,9,0.0005341880341880342
0.02,1.0099214237633,1.010918574234003,4,0.00023741690408357076
0.02,1.010918574234003,1.011915724704706,156,0.009259259259259259
0.02,1.011915724704706,1.0129128751754088,429,0.02546296296296296
0.02,1.0129128751754088,1.0139100256461118,223,0.01323599240265907
0.02,1.0139100256461118,1.0149071761168147,251,0.014897910731244064
0.02,1.0149071761168147,1.0159043265875176,447,0.026531339031339033
0.02,1.0159043265875176,1.0169014770582205,668,0.039648622981956316
0.02,1.0169014770582205,1.0178986275289235,471,0.027955840455840455
0.02,1.0178986275289235,1.0188957779996264,431,0.02558167141500475
0.02,1.0188957779996264,1.0198929284703293,5216,0.30959164292497626
0.05,0.9500172741055305,0.9525101502822878,4999,0.29671177587844255
0.05,0.9525101502822878,0.9550030264590451,549,0.03258547008547009
0.05,0.9550030264590451,0.9574959026358025,470,0.027896486229819564
0.05,0.9574959026358025,0.9599887788125598,676,0.040123456790123455
0.05,0.9599887788125598,0.9624816549893171,546,0.032407407407407406
0.05,0.9624816549893171,0.9649745311660745,158,0.009377967711301045
0.05,0.9649745311660745,0.9674674073428318,262,0.015550807217473884
0.05,0.9674674073428318,0.9699602835195891,318,0.018874643874643875
0.05,0.9699602835195891,0.9724531596963465,318,0.018874643874643875
0.05,0.9724531596963465,0.9749460358731038,7,0.0004154795821462488
0.05,0.9749460358731038,0.9774389120498611,1,5.935422602089269e-05
0.05,0.9774389120498611,0.9799317882266184,10,0.0005935422602089269
0.05,0.9799317882266184,0.9824246644033757,4,0.00023741690408357076
0.05,0.9824246644033757,0.984917540580133,17,0.0010090218423551758
0.05,0.984917540580133,0.9874104167568905,29,0.001721272554605888
0.05,0.9874104167568905,0.9899032929336478,31,0.0018399810066476734
0.05,0.9899032929336478,0.9923961691104051,29,0.001721272554605888
0.05,0.9923961691104051,0.9948890452871624,0,0.0
0.05,0.9948890452871624,0.9973819214639197,0,0.0
0.05,0.9973819214639197,0.999874797640677,0,0.0
0.05,0.999874797640677,1.0023676738174343,0,0.0
0.05,1.0023676738174343,1.0048605499941916,0,0.0
0.05,1.0048605499941916,1.0073534261709491,0,0.0
0.05,1.0073534261709491,1.0098463023477064,30,0.0017806267806267807
0.05,1.0098463023477064,1.0123391785244638,33,0.001958689458689459
0.05,1.0123391785244638,1.014832054701221,21,0.0012464387464387464
0.05,1.014832054701221,1.0173249308779784,14,0.0008309591642924976
0.05,1.0173249308779784,1.0198178070547357,17,0.0010090218423551758
0.05,1.0198178070547357,1.022310683231493,4,0.00023741690408357076
0.05,1.022310683231493,1.0248035594082503,9,0.0005341880341880342
0.05,1.0248035594082503,1.0272964355850076,4,0.00023741690408357076
0.05,1.0272964355850076,1.029789311761765,156,0.009259259259259259
0.05,1.029789311761765,1.0322821879385222,429,0.02546296296296296
0.05,1.0322821879385222,1.0347750641152795,223,0.01323599240265907
0.05,1.0347750641152795,1.037267940292037,251,0.014897910731244064
0.05,1.037267940292037,1.0397608164687944,447,0.026531339031339033
0.05,1.0397608164687944,1.0422536926455517,668,0.039648622981956316
0.05,1.0422536926455517,1.044746568822309,471,0.027955840455840455
0.05,1.044746568822309,1.0472394449990663,431,0.02558167141500475
0.05,1.0472394449990663,1.0497323211758236,5216,0.30959164292497626
0.1,0.900034548211061,0.9050203005645756,4999,0.29671177587844255
0.1,0.9050203005645756,0.9100060529180903,549,0.03258547008547009
0.1,0.9100060529180903,0.914991805271605,470,0.027896486229819564
0.1,0.914991805271605,0.9199775576251196,676,0.040123456790123455
0.1,0.9199775576251196,0.9249633099786343,546,0.032407407407407406
0.1,0.9249633099786343,0.9299490623321489,158,0.009377967711301045
0.1,0.9299490623321489,0.9349348146856635,262,0.015550807217473884
0.1,0.9349348146856635,0.9399205670391781,318,0.018874643874643875
0.1,0.9399205670391781,0.9449063193926929,318,0.018874643874643875
0.1,0.9449063193926929,0.9498920717462075,7,0.0004154795821462488
0.1,0.9498920717462075,0.9548778240997221,1,5.935422602089269e-05
0.1,0.9548778240997221,0.9598635764532368,10,0.0005935422602089269
0.1,0.9598635764532368,0.9648493288067514,4,0.00023741690408357076
0.1,0.9648493288067514,0.9698350811602661,17,0.0010090218423551758
0.1,0.9698350811602661,0.9748208335137807,29,0.001721272554605888
0.1,0.9748208335137807,0.9798065858672954,31,0.0018399810066476734
0.1,0.9798065858672954,0.98479233822081,29,0.001721272554605888
0.1,0.98479233822081,0.9897780905743246,0,0.0
0.1,0.9897780905743246,0.9947638429278394,0,0.0
0.1,0.9947638429278394,0.999749595281354,0,0.0
0.1,0.999749595281354,1.0047353476348686,0,0.0
0.1,1.0047353476348686,1.0097210999883832,0,0.0
0.1,1.0097210999883832,1.0147068523418978,0,0.0
0.1,1.0147068523418978,1.0196926046954127,30,0.0017806267806267807
0.1,1.0196926046954127,1.0246783570489273,33,0.001958689458689459
0.1,1.0246783570489273,1.029664109402442,21,0.0012464387464387464
0.1,1.029664109402442,1.0346498617559565,14,0.0008309591642924976
0.1,1.0346498617559565,1.0396356141094711,17,0.0010090218423551758
0.1,1.0396356141094711,1.0446213664629858,4,0.00023741690408357076
0.1,1.0446213664629858,1.0496071188165006,9,0.0005341880341880342
0.1,1.0496071188165006,1.0545928711700152,4,0.00023741690408357076
0.1,1.0545928711700152,1.0595786235235298,156,0.009259259259259259
0.1,1.0595786235235298,1.0645643758770444,429,0.02546296296296296
0.1,1.0645643758770444,1.069550128230559,223,0.01323599240265907
0.1,1.069550128230559,1.0745358805840737,251,0.014897910731244064
0.1,1.0745358805840737,1.0795216329375883,447,0.026531339031339033
0.1,1.0795216329375883,1.084507385291103,668,0.039648622981956316
0.1,1.084507385291103,1.0894931376446177,471,0.027955840455840455
0.1,1.0894931376446177,1.0944788899981324,431,0.02558167141500475
0.1,1.0944788899981324,1.099464642351647,5216,0.30959164292497626
0.2,0.800069096422122,0.8100406011291513,4999,0.29671177587844255
0.2,0.8100406011291513,0.8200121058361806,549,0.03258547008547009
0.2,0.8200121058361806,0.8299836105432099,470,0.027896486229819564
0.2,0.8299836105432099,0.8399551152502391,676,0.040123456790123455
0.2,0.8399551152502391,0.8499266199572685,546,0.032407407407407406
0.2,0.8499266199572685,0.8598981246642978,158,0.009377967711301045
0.2,0.8598981246642978,0.8698696293713271,262,0.015550807217473884
0.2,0.8698696293713271,0.8798411340783564,318,0.018874643874643875
0.2,0.8798411340783564,0.8898126387853856,318,0.018874643874643875
0.2,0.8898126387853856,0.899784143492415,7,0.0004154795821462488
0.2,0.899784143492415,0.9097556481994442,1,5.935422602089269e-05
0.2,0.9097556481994442,0.9197271529064736,10,0.0005935422602089269
0.2,0.9197271529064736,0.9296986576135029,4,0.00023741690408357076
0.2,0.9296986576135029,0.9396701623205321,17,0.0010090218423551758
0.2,0.9396701623205321,0.9496416670275615,29,0.001721272554605888
0.2,0.9496416670275615,0.9596131717345908,31,0.0018399810066476734
0.2,0.9596131717345908,0.96958467644162,29,0.001721272554605888
0.2,0.96958467644162,0.9795561811486494,0,0.0
0.2,0.9795561811486494,0.9895276858556786,0,0.0
0.2,0.9895276858556786,0.999499190562708,0,0.0
0.2,0.999499190562708,1.0094706952697372,0,0.0
0.2,1.0094706952697372,1.0194421999767664,0,0.0
0.2,1.0194421999767664,1.029413704683796,0,0.0
0.2,1.029413704683796,1.0393852093908251,30,0.0017806267806267807
0.2,1.0393852093908251,1.0493567140978544,33,0.001958689458689459
0.2,1.0493567140978544,1.0593282188048838,21,0.0012464387464387464
0.2,1.0593282188048838,1.069299723511913,14,0.0008309591642924976
0.2,1.069299723511913,1.0792712282189423,17,0.0010090218423551758
0.2,1.0792712282189423,1.0892427329259715,4,0.00023741690408357076
0.2,1.0892427329259715,1.099214237633001,9,0.0005341880341880342
0.2,1.099214237633001,1.1091857423400302,4,0.00023741690408357076
0.2,1.1091857423400302,1.1191572470470597,156,0.009259259259259259
0.2,1.1191572470470597,1.1291287517540889,429,0.02546296296296296
0.2,1.1291287517540889,1.1391002564611181,223,0.01323599240265907
0.2,1.1391002564611181,1.1490717611681474,251,0.014897910731244064
0.2,1.1490717611681474,1.1590432658751768,447,0.026531339031339033
0.2,1.1590432658751768,1.169014770582206,668,0.039648622981956316
0.2,1.169014770582206,1.1789862752892353,471,0.027955840455840455
0.2,1.1789862752892353,1.1889577799962647,431,0.02558167141500475
0.2,1.1889577799962647,1.198929284703294,5216,0.30959164292497626
0.3,0.700103644633183,0.7150609016937269,4999,0.29671177587844255
0.3,0.7150609016937269,0.7300181587542709,549,0.03258547008547009
0.3,0.7300181587542709,0.7449754158148149,470,0.027896486229819564
0.3,0.7449754158148149,0.7599326728753588,676,0.040123456790123455
0.3,0.7599326728753588,0.7748899299359027,546,0.032407407407407406
0.3,0.7748899299359027,0.7898471869964467,158,0.009377967711301045
0.3,0.7898471869964467,0.8048044440569906,262,0.015550807217473884
0.3,0.8048044440569906,0.8197617011175345,318,0.018874643874643875
0.3,0.8197617011175345,0.8347189581780785,318,0.018874643874643875
0.3,0.8347189581780785,0.8496762152386225,7,0.0004154795821462488
0.3,0.8496762152386225,0.8646334722991664,1,5.935422602089269e-05
0.3,0.8646334722991664,0.8795907293597104,10,0.0005935422602089269
0.3,0.8795907293597104,0.8945479864202543,4,0.00023741690408357076
0.3,0.8945479864202543,0.9095052434807983,17,0.0010090218423551758
0.3,0.9095052434807983,0.9244625005413423,29,0.001721272554605888
0.3,0.9244625005413423,0.9394197576018861,31,0.0018399810066476734
0.3,0.9394197576018861,0.9543770146624302,29,0.001721272554605888
0.3,0.9543770146624302,0.969334271722974,0,0.0
0.3,0.969334271722974,0.984291528783518,0,0.0
0.3,0.984291528783518,0.999248785844062,0,0.0
0.3,0.999248785844062,1.0142060429046058,0,0.0
0.3,1.0142060429046058,1.0291632999651499,0,0.0
0.3,1.0291632999651499,1.044120557025694,0,0.0
0.3,1.044120557025694,1.0590778140862378,30,0.0017806267806267807
0.3,1.0590778140862378,1.0740350711467817,33,0.001958689458689459
0.3,1.0740350711467817,1.0889923282073257,21,0.0012464387464387464
0.3,1.0889923282073257,1.1039495852678696,14,0.0008309591642924976
0.3,1.1039495852678696,1.1189068423284136,17,0.0010090218423551758
0.3,1.1189068423284136,1.1338640993889575,4,0.00023741690408357076
0.3,1.1338640993889575,1.1488213564495013,9,0.0005341880341880342
0.3,1.1488213564495013,1.1637786135100454,4,0.00023741690408357076
0.3,1.1637786135100454,1.1787358705705895,156,0.009259259259259259
0.3,1.1787358705705895,1.1936931276311333,429,0.02546296296296296
0.3,1.1936931276311333,1.2086503846916772,223,0.01323599240265907
0.3,1.2086503846916772,1.2236076417522213,251,0.014897910731244064
0.3,1.2236076417522213,1.2385648988127653,447,0.026531339031339033
0.3,1.2385648988127653,1.2535221558733092,668,0.039648622981956316
0.3,1.2535221558733092,1.268479412933853,471,0.027955840455840455
0.3,1.268479412933853,1.2834366699943969,431,0.02558167141500475
0.3,1.2834366699943969,1.298393927054941,5216,0.30959164292497626
